Section,R1_mean,R2_mean,RL_mean
introduction,25.519698204387097,9.626424430228067,26.158184073906003
related work,23.251620030306725,4.317488591838343,20.47958982704251
discussion,26.65748655521703,5.434195569774101,22.6676903064932
conclusion,34.08257050855913,10.214526012814291,29.139385206805287
acknowledgments,11.161854468376113,0.52411368672984,9.139680550626197
experiments,21.23483813772498,3.7377623848616324,19.44914660110977
results,21.955140987435357,3.6025036398752377,19.980968363418786
evaluation,23.289038557583158,3.3793554311497696,19.16836088598885
background,18.85822634484317,4.719644094969935,17.931339630711605
